[
  {
    "shipmentId": "SHP0001",
    "origin": "Mumbai",
    "destination": "Delhi",
    "pickupDate": "2025-05-12",
    "expectedDeliveryDate": "2025-05-15"
  },
  {
    "shipmentId": "SHP0002",
    "origin": "Kolkata",
    "destination": "Chennai",
    "pickupDate": "2025-05-10",
    "expectedDeliveryDate": "2025-05-14"
  },
  {
    "shipmentId": "SHP0003",
    "origin": "Bengaluru",
    "destination": "Hyderabad",
    "pickupDate": "2025-05-11",
    "expectedDeliveryDate": "2025-05-13"
  },
  {
    "shipmentId": "SHP0004",
    "origin": "Ahmedabad",
    "destination": "Pune",
    "pickupDate": "2025-05-09",
    "expectedDeliveryDate": "2025-05-12"
  },
  {
    "shipmentId": "SHP0005",
    "origin": "Lucknow",
    "destination": "Patna",
    "pickupDate": "2025-05-08",
    "expectedDeliveryDate": "2025-05-11"
  },
  {
    "shipmentId": "SHP0006",
    "origin": "Jaipur",
    "destination": "Udaipur",
    "pickupDate": "2025-05-07",
    "expectedDeliveryDate": "2025-05-09"
  },
  {
    "shipmentId": "SHP0007",
    "origin": "Vadodara",
    "destination": "Surat",
    "pickupDate": "2025-05-06",
    "expectedDeliveryDate": "2025-05-08"
  },
  {
    "shipmentId": "SHP0008",
    "origin": "Nagpur",
    "destination": "Indore",
    "pickupDate": "2025-05-05",
    "expectedDeliveryDate": "2025-05-07"
  },
  {
    "shipmentId": "SHP0009",
    "origin": "Thane",
    "destination": "Nashik",
    "pickupDate": "2025-05-04",
    "expectedDeliveryDate": "2025-05-06"
  },
  {
    "shipmentId": "SHP0010",
    "origin": "Bhopal",
    "destination": "Raipur",
    "pickupDate": "2025-05-03",
    "expectedDeliveryDate": "2025-05-06"
  },
  {
    "shipmentId": "SHP0011",
    "origin": "Chandigarh",
    "destination": "Amritsar",
    "pickupDate": "2025-05-02",
    "expectedDeliveryDate": "2025-05-05"
  },
  {
    "shipmentId": "SHP0012",
    "origin": "Coimbatore",
    "destination": "Madurai",
    "pickupDate": "2025-05-01",
    "expectedDeliveryDate": "2025-05-03"
  },
  {
    "shipmentId": "SHP0013",
    "origin": "Kochi",
    "destination": "Thiruvananthapuram",
    "pickupDate": "2025-04-30",
    "expectedDeliveryDate": "2025-05-02"
  },
  {
    "shipmentId": "SHP0014",
    "origin": "Visakhapatnam",
    "destination": "Vijayawada",
    "pickupDate": "2025-04-29",
    "expectedDeliveryDate": "2025-05-01"
  },
  {
    "shipmentId": "SHP0015",
    "origin": "Patiala",
    "destination": "Jalandhar",
    "pickupDate": "2025-04-28",
    "expectedDeliveryDate": "2025-05-01"
  },
  {
    "shipmentId": "SHP0016",
    "origin": "Agra",
    "destination": "Mathura",
    "pickupDate": "2025-04-27",
    "expectedDeliveryDate": "2025-04-29"
  },
  {
    "shipmentId": "SHP0017",
    "origin": "Faridabad",
    "destination": "Gurgaon",
    "pickupDate": "2025-04-26",
    "expectedDeliveryDate": "2025-04-28"
  },
  {
    "shipmentId": "SHP0018",
    "origin": "Meerut",
    "destination": "Noida",
    "pickupDate": "2025-04-25",
    "expectedDeliveryDate": "2025-04-28"
  },
  {
    "shipmentId": "SHP0019",
    "origin": "Jodhpur",
    "destination": "Bikaner",
    "pickupDate": "2025-04-24",
    "expectedDeliveryDate": "2025-04-27"
  },
  {
    "shipmentId": "SHP0020",
    "origin": "Guwahati",
    "destination": "Shillong",
    "pickupDate": "2025-04-23",
    "expectedDeliveryDate": "2025-04-26"
  },
  {
    "shipmentId": "SHP0021",
    "origin": "Dehradun",
    "destination": "Rishikesh",
    "pickupDate": "2025-04-22",
    "expectedDeliveryDate": "2025-04-24"
  },
  {
    "shipmentId": "SHP0022",
    "origin": "Vadodara",
    "destination": "Rajkot",
    "pickupDate": "2025-04-21",
    "expectedDeliveryDate": "2025-04-24"
  },
  {
    "shipmentId": "SHP0023",
    "origin": "Surat",
    "destination": "Ahmedabad",
    "pickupDate": "2025-04-20",
    "expectedDeliveryDate": "2025-04-23"
  },
  {
    "shipmentId": "SHP0024",
    "origin": "Pune",
    "destination": "Nagpur",
    "pickupDate": "2025-04-19",
    "expectedDeliveryDate": "2025-04-22"
  },
  {
    "shipmentId": "SHP0025",
    "origin": "Nashik",
    "destination": "Thane",
    "pickupDate": "2025-04-18",
    "expectedDeliveryDate": "2025-04-21"
  },
  {
    "shipmentId": "SHP0026",
    "origin": "Patna",
    "destination": "Gaya",
    "pickupDate": "2025-04-17",
    "expectedDeliveryDate": "2025-04-19"
  },
  {
    "shipmentId": "SHP0027",
    "origin": "Ranchi",
    "destination": "Jamshedpur",
    "pickupDate": "2025-04-16",
    "expectedDeliveryDate": "2025-04-19"
  },
  {
    "shipmentId": "SHP0028",
    "origin": "Bhubaneswar",
    "destination": "Cuttack",
    "pickupDate": "2025-04-15",
    "expectedDeliveryDate": "2025-04-17"
  },
  {
    "shipmentId": "SHP0029",
    "origin": "Raipur",
    "destination": "Bilaspur",
    "pickupDate": "2025-04-14",
    "expectedDeliveryDate": "2025-04-17"
  },
  {
    "shipmentId": "SHP0030",
    "origin": "Indore",
    "destination": "Bhopal",
    "pickupDate": "2025-04-13",
    "expectedDeliveryDate": "2025-04-16"
  },
  {
    "shipmentId": "SHP0031",
    "origin": "Chennai",
    "destination": "Coimbatore",
    "pickupDate": "2025-04-12",
    "expectedDeliveryDate": "2025-04-15"
  },
  {
    "shipmentId": "SHP0032",
    "origin": "Madurai",
    "destination": "Trichy",
    "pickupDate": "2025-04-11",
    "expectedDeliveryDate": "2025-04-14"
  },
  {
    "shipmentId": "SHP0033",
    "origin": "Vijayawada",
    "destination": "Visakhapatnam",
    "pickupDate": "2025-04-10",
    "expectedDeliveryDate": "2025-04-13"
  },
  {
    "shipmentId": "SHP0034",
    "origin": "Hyderabad",
    "destination": "Vijayawada",
    "pickupDate": "2025-04-09",
    "expectedDeliveryDate": "2025-04-12"
  },
  {
    "shipmentId": "SHP0035",
    "origin": "Kolkata",
    "destination": "Siliguri",
    "pickupDate": "2025-04-08",
    "expectedDeliveryDate": "2025-04-10"
  },
  {
    "shipmentId": "SHP0036",
    "origin": "Siliguri",
    "destination": "Guwahati",
    "pickupDate": "2025-04-07",
    "expectedDeliveryDate": "2025-04-09"
  },
  {
    "shipmentId": "SHP0037",
    "origin": "Amritsar",
    "destination": "Chandigarh",
    "pickupDate": "2025-04-06",
    "expectedDeliveryDate": "2025-04-08"
  },
  {
    "shipmentId": "SHP0038",
    "origin": "Udaipur",
    "destination": "Jaipur",
    "pickupDate": "2025-04-05",
    "expectedDeliveryDate": "2025-04-08"
  },
  {
    "shipmentId": "SHP0039",
    "origin": "Jalandhar",
    "destination": "Patiala",
    "pickupDate": "2025-04-04",
    "expectedDeliveryDate": "2025-04-06"
  },
  {
    "shipmentId": "SHP0040",
    "origin": "Lucknow",
    "destination": "Kanpur",
    "pickupDate": "2025-04-03",
    "expectedDeliveryDate": "2025-04-06"
  },
  {
    "shipmentId": "SHP0041",
    "origin": "Meerut",
    "destination": "Agra",
    "pickupDate": "2025-04-02",
    "expectedDeliveryDate": "2025-04-05"
  },
  {
    "shipmentId": "SHP0042",
    "origin": "Noida",
    "destination": "Gurgaon",
    "pickupDate": "2025-04-01",
    "expectedDeliveryDate": "2025-04-03"
  },
  {
    "shipmentId": "SHP0043",
    "origin": "Gurgaon",
    "destination": "Faridabad",
    "pickupDate": "2025-03-31",
    "expectedDeliveryDate": "2025-04-02"
  },
  {
    "shipmentId": "SHP0044",
    "origin": "Rishikesh",
    "destination": "Dehradun",
    "pickupDate": "2025-03-30",
    "expectedDeliveryDate": "2025-04-01"
  },
  {
    "shipmentId": "SHP0045",
    "origin": "Shillong",
    "destination": "Guwahati",
    "pickupDate": "2025-03-29",
    "expectedDeliveryDate": "2025-03-31"
  },
  {
    "shipmentId": "SHP0046",
    "origin": "Bilaspur",
    "destination": "Raipur",
    "pickupDate": "2025-03-28",
    "expectedDeliveryDate": "2025-03-31"
  },
  {
    "shipmentId": "SHP0047",
    "origin": "Jamshedpur",
    "destination": "Ranchi",
    "pickupDate": "2025-03-27",
    "expectedDeliveryDate": "2025-03-29"
  },
  {
    "shipmentId": "SHP0048",
    "origin": "Cuttack",
    "destination": "Bhubaneswar",
    "pickupDate": "2025-03-26",
    "expectedDeliveryDate": "2025-03-29"
  },
  {
    "shipmentId": "SHP0049",
    "origin": "Thiruvananthapuram",
    "destination": "Kochi",
    "pickupDate": "2025-03-25",
    "expectedDeliveryDate": "2025-03-28"
  },
  {
    "shipmentId": "SHP0050",
    "origin": "Trichy",
    "destination": "Madurai",
    "pickupDate": "2025-03-24",
    "expectedDeliveryDate": "2025-03-26"
  },
  {
    "shipmentId": "SHP0051",
    "origin": "Pune",
    "destination": "Mumbai",
    "pickupDate": "2025-03-23",
    "expectedDeliveryDate": "2025-03-26"
  },
  {
    "shipmentId": "SHP0052",
    "origin": "Surat",
    "destination": "Vadodara",
    "pickupDate": "2025-03-22",
    "expectedDeliveryDate": "2025-03-24"
  },
  {
    "shipmentId": "SHP0053",
    "origin": "Rajkot",
    "destination": "Ahmedabad",
    "pickupDate": "2025-03-21",
    "expectedDeliveryDate": "2025-03-24"
  }
]